,X,Y,Z,Scat_Angle,DoCA,mean_Scat_angle
count,3804.0,3804.0,3804.0,3804.0,3804.0,3804.0
mean,145.20486450195312,142.09605407714844,-16.26006317138672,0.0008489568717777729,1.8643810749053955,0.0008489568717777729
std,61.87385177612305,61.639251708984375,58.002193450927734,0.054404400289058685,3.1986043453216553,0.0
min,-8.606820106506348,-33.08340072631836,-178.68299865722656,-0.339942991733551,1.7613299860386178e-05,0.0008489568717777729
25%,89.70517349243164,86.9713020324707,-59.266401290893555,-0.01840534945949912,0.19825699925422668,0.0008489568717777729
50%,143.96649932861328,138.88249969482422,-17.50295066833496,-0.000362876002327539,0.7608454823493958,0.0008489568717777729
75%,199.25575256347656,195.78900527954102,23.49452495574951,0.017523649614304304,2.114234983921051,0.0008489568717777729
max,259.5929870605469,256.5299987792969,134.24200439453125,0.36225199699401855,45.00239944458008,0.0008489568717777729
