,X,Y,Z,Scat_Angle,DoCA,mean_Scat_angle
count,3671.0,3671.0,3671.0,3671.0,3671.0,3671.0
mean,143.81173706054688,-141.06617736816406,-14.507831573486328,0.0011570750502869487,1.7961727380752563,0.0011570750502869487
std,62.62203598022461,61.44971466064453,57.78303146362305,0.05491700768470764,3.0803232192993164,0.0
min,3.343050003051758,-249.9810028076172,-179.60899353027344,-0.4199889898300171,0.00010254199878545478,0.0011570750502869487
25%,86.80195236206055,-194.0844955444336,-56.187299728393555,-0.017628599889576435,0.1886574998497963,0.0011570750502869487
50%,140.33799743652344,-137.2740020751953,-16.272600173950195,0.00033487300970591605,0.7315189838409424,0.0011570750502869487
75%,198.5260009765625,-85.05389785766602,26.15464973449707,0.01677680015563965,2.0420899391174316,0.0011570750502869487
max,249.99400329589844,-36.991798400878906,134.57899475097656,0.34802499413490295,41.42399978637695,0.0011570750502869487
